round,loss,accuracy,asr,macro_class_accuracy,worst_class_accuracy,local_loss,selected_clients,aggregated_clients,excluded_clients,attacked_client_rounds,poisoned_examples,aggregation_seconds,round_seconds,mean_method_weight,tp,fp,fn,tn,precision,recall,f1,fpr,mean_detection_round
0,2.2202711853027344,0.3864,0.1036,0.37248517689578725,0.007847533632286996,2.259930806517601,100,100,0,40,23960,0.013023499999690102,95.43327440000212,0.009999999999999998,0,0,40,60,1.0,0.0,0.0,0.0,
1,1.815222589111328,0.6076,0.073,0.5978924033839366,0.09117938553022795,2.0985309590498606,100,100,0,40,23960,0.013871899998775916,94.70930360000057,0.009999999999999998,0,0,40,60,1.0,0.0,0.0,0.0,
2,1.267678564453125,0.7184,0.0494,0.7107572570984242,0.3901345291479821,1.6673345318436623,100,100,0,40,23960,0.015566400001262082,94.71730110000135,0.009999999999999998,0,0,40,60,1.0,0.0,0.0,0.0,
3,1.1015727355957032,0.8006,0.0437,0.7955276214389722,0.4966367713004484,1.3230204762021702,100,100,0,40,23960,0.014039999998203712,94.63983019999796,0.009999999999999998,0,0,40,60,1.0,0.0,0.0,0.0,
4,1.0124390899658202,0.8332,0.0459,0.8304148879326314,0.67152466367713,1.1448111128111682,100,100,0,40,23960,0.012217899999086512,94.91921469999943,0.009999999999999998,0,0,40,60,1.0,0.0,0.0,0.0,
5,0.9396927673339843,0.8449,0.0558,0.8432943057905782,0.6564356435643565,1.0302049540778002,100,100,0,40,23960,0.012352900001133094,94.40388130000065,0.009999999999999998,0,0,40,60,1.0,0.0,0.0,0.0,
6,0.8755755401611328,0.842,0.0704,0.8410495912683926,0.6594059405940594,0.9416043547590575,100,100,0,40,23960,0.009143800001766067,94.52651160000096,0.009999999999999998,0,0,40,60,1.0,0.0,0.0,0.0,
7,0.8271194763183594,0.8403,0.0844,0.839038753783424,0.6808721506442021,0.871900606393814,100,100,0,40,23960,0.015561600001092302,94.94097669999974,0.009999999999999998,0,0,40,60,1.0,0.0,0.0,0.0,
8,0.771470571899414,0.8559,0.0746,0.8547233040732489,0.7036669970267592,0.8159786817481121,100,100,0,40,23960,0.009210600001097191,94.55113859999983,0.009999999999999998,0,0,40,60,1.0,0.0,0.0,0.0,
9,0.7546404083251953,0.8346,0.1021,0.8337579167946092,0.6095143706640238,0.7678962815999985,100,100,0,40,23960,0.011195999999472406,94.40446359999987,0.009999999999999998,0,0,40,60,1.0,0.0,0.0,0.0,
10,0.6768747970581055,0.874,0.0701,0.8726867558793417,0.6798810703666998,0.7303378160397211,100,100,0,40,23960,0.00925219999771798,94.25139200000194,0.009999999999999998,0,0,40,60,1.0,0.0,0.0,0.0,
11,0.7745702270507813,0.764,0.1806,0.7635572069853785,0.26556420233463035,0.6981273179401956,100,100,0,40,23960,0.009240899998985697,94.6311087000031,0.009999999999999998,0,0,40,60,1.0,0.0,0.0,0.0,
12,0.5733901779174805,0.9129,0.0367,0.9118072188884007,0.8116947472745293,0.6622926657150188,100,100,0,40,23960,0.008736699997825781,96.3264319000009,0.009999999999999998,0,0,40,60,1.0,0.0,0.0,0.0,
13,0.8917445831298828,0.5936,0.3561,0.5950124949351777,0.0048638132295719845,0.6437063718537489,100,100,0,40,23960,0.024059700001089368,104.41423809999833,0.009999999999999998,0,0,40,60,1.0,0.0,0.0,0.0,
14,0.4426886947631836,0.9363,0.0195,0.9357457892629757,0.8732673267326733,0.625364767258366,100,100,0,40,23960,0.013917100000981009,102.49541739999768,0.009999999999999998,0,0,40,60,1.0,0.0,0.0,0.0,
15,1.2602612243652345,0.2332,0.7223,0.23523256426281342,0.0,0.6143028467843931,100,100,0,40,23960,0.011275400000158697,104.7966865999988,0.009999999999999998,0,0,40,60,1.0,0.0,0.0,0.0,
16,0.2990783706665039,0.9507,0.0099,0.9504425986325329,0.9114785992217899,0.604703648875157,100,100,0,40,23960,0.011498100000608247,104.74759260000064,0.009999999999999998,0,0,40,60,1.0,0.0,0.0,0.0,
17,1.5444617340087892,0.1084,0.8491,0.1107502199124117,0.0,0.6329231546844046,100,100,0,40,23960,0.009017899999889778,95.85678539999935,0.009999999999999998,0,0,40,60,1.0,0.0,0.0,0.0,
18,0.23212976760864257,0.9541,0.0084,0.9539577212795869,0.9182879377431906,0.6056627159540853,100,100,0,40,23960,0.010680799998226576,97.187899499997,0.009999999999999998,0,0,40,60,1.0,0.0,0.0,0.0,
19,1.5700132385253907,0.0931,0.8671,0.09525436073546097,0.0,0.6477648193339506,100,100,0,40,23960,0.015542000001005363,95.25842180000109,0.009999999999999998,0,0,40,60,1.0,0.0,0.0,0.0,
20,0.21966974487304688,0.9587,0.0074,0.9586073105655993,0.9217046580773043,0.5852153761883576,100,100,0,40,23960,0.011374400000931928,95.98705450000125,0.009999999999999998,0,0,40,60,1.0,0.0,0.0,0.0,
21,1.5472807525634766,0.1011,0.8621,0.1034527621274596,0.0,0.6385821126935383,100,100,0,40,23960,0.014926500000001397,94.84973650000029,0.009999999999999998,0,0,40,60,1.0,0.0,0.0,0.0,
22,0.20868572425842286,0.9592,0.0078,0.9591098450164381,0.9246778989098117,0.5788286910640698,100,100,0,40,23960,0.008772600001975661,95.04031609999947,0.009999999999999998,0,0,40,60,1.0,0.0,0.0,0.0,
23,1.5339682067871094,0.096,0.8694,0.09844262633320006,0.0,0.6290652205298344,100,100,0,40,23960,0.014790799999900628,95.11485920000268,0.009999999999999998,0,0,40,60,1.0,0.0,0.0,0.0,
24,0.20280126266479492,0.9625,0.0068,0.9624605046962905,0.9306243805748265,0.5586370969898999,100,100,0,40,23960,0.01363639999908628,95.1398412999988,0.009999999999999998,0,0,40,60,1.0,0.0,0.0,0.0,
25,1.6197287811279297,0.0854,0.8822,0.0874916651571088,0.0,0.5996269376588365,100,100,0,40,23960,0.014188100001774728,94.92652399999861,0.009999999999999998,0,0,40,60,1.0,0.0,0.0,0.0,
26,0.18819326095581054,0.9634,0.0061,0.9634088669811444,0.9375619425173439,0.5456340908724815,100,100,0,40,23960,0.01227610000205459,95.04828559999805,0.009999999999999998,0,0,40,60,1.0,0.0,0.0,0.0,
27,1.5701183898925781,0.09,0.8781,0.09222563867475694,0.0,0.6039100646935404,100,100,0,40,23960,0.007131300000764895,95.05047149999882,0.009999999999999998,0,0,40,60,1.0,0.0,0.0,0.0,
28,0.1852660217285156,0.9639,0.0063,0.9638961789021498,0.9373716632443532,0.5345915385956566,100,100,0,40,23960,0.00891340000089258,96.13990139999805,0.009999999999999998,0,0,40,60,1.0,0.0,0.0,0.0,
29,1.6772121765136718,0.0759,0.8923,0.0778651129373013,0.0,0.5767749761094649,100,100,0,40,23960,0.009283299998060102,94.1186818999995,0.009999999999999998,0,0,40,60,1.0,0.0,0.0,0.0,
30,0.1756570785522461,0.9653,0.0058,0.9652947895590513,0.9395441030723488,0.5243558451756836,100,100,0,40,23960,0.01339400000142632,94.48797209999975,0.009999999999999998,0,0,40,60,1.0,0.0,0.0,0.0,
31,1.574235174560547,0.08,0.8893,0.08206263075156706,0.0,0.5814838123737524,100,100,0,40,23960,0.008743599999434082,95.23390659999859,0.009999999999999998,0,0,40,60,1.0,0.0,0.0,0.0,
32,0.17307852478027344,0.9665,0.0059,0.9664904323466539,0.9405351833498513,0.5092206473021457,100,100,0,40,23960,0.01532500000030268,96.1897433999984,0.009999999999999998,0,0,40,60,1.0,0.0,0.0,0.0,
33,1.622165707397461,0.0702,0.9,0.07204361147698111,0.0,0.5584281363363067,100,100,0,40,23960,0.009279799996875226,94.1733327999973,0.009999999999999998,0,0,40,60,1.0,0.0,0.0,0.0,
34,0.1694165828704834,0.9667,0.0058,0.966695036843624,0.9395441030723488,0.5013142212318877,100,100,0,40,23960,0.0086689000017941,94.11731709999731,0.009999999999999998,0,0,40,60,1.0,0.0,0.0,0.0,
35,1.6197295959472657,0.0752,0.8963,0.07713573204224541,0.0,0.5522820409586032,100,100,0,40,23960,0.013932300000305986,94.29709219999859,0.009999999999999998,0,0,40,60,1.0,0.0,0.0,0.0,
36,0.16485371856689454,0.9678,0.0055,0.9678519975497013,0.9395441030723488,0.498820994572714,100,100,0,40,23960,0.014711899999383604,93.95376380000016,0.009999999999999998,0,0,40,60,1.0,0.0,0.0,0.0,
37,1.5745597717285156,0.0628,0.9091,0.06446566344050886,0.0,0.541176670525223,100,100,0,40,23960,0.009085799996682908,93.85692970000309,0.009999999999999998,0,0,40,60,1.0,0.0,0.0,0.0,
38,0.16336333618164062,0.9681,0.0053,0.9681470460906576,0.9415262636273538,0.4797970242515827,100,100,0,40,23960,0.012800599997717654,94.43038560000059,0.009999999999999998,0,0,40,60,1.0,0.0,0.0,0.0,
39,1.6544408233642578,0.0589,0.9136,0.06041283093069818,0.0,0.534594206765294,100,100,0,40,23960,0.012994500000786502,95.94829540000137,0.009999999999999998,0,0,40,60,1.0,0.0,0.0,0.0,
40,0.1556623317718506,0.9693,0.0052,0.9693166793872517,0.9435084241823588,0.48560985412696994,100,100,0,40,23960,0.015085700000781799,94.72498610000184,0.009999999999999998,0,0,40,60,1.0,0.0,0.0,0.0,
41,1.5998815216064453,0.0577,0.915,0.05923526078602927,0.0,0.5361728734287123,100,100,0,40,23960,0.01245800000106101,95.17826729999797,0.009999999999999998,0,0,40,60,1.0,0.0,0.0,0.0,
42,0.15373382720947265,0.9701,0.005,0.970141816416777,0.9454905847373637,0.4721785915481548,100,100,0,40,23960,0.008128299999953015,95.43255539999882,0.009999999999999998,0,0,40,60,1.0,0.0,0.0,0.0,
43,1.6912695617675781,0.0516,0.9223,0.05287203901886356,0.0,0.5257972132898867,100,100,0,40,23960,0.012910900000861147,94.68488440000147,0.009999999999999998,0,0,40,60,1.0,0.0,0.0,0.0,
44,0.1467394298553467,0.9701,0.0049,0.9700983597712021,0.9455852156057495,0.476131382456515,100,100,0,40,23960,0.011107199999969453,94.74966740000309,0.009999999999999998,0,0,40,60,1.0,0.0,0.0,0.0,
45,1.6275587951660155,0.0402,0.9344,0.04123382827918095,0.0,0.5256081430092454,100,100,0,40,23960,0.01260060000277008,95.18658409999989,0.009999999999999998,0,0,40,60,1.0,0.0,0.0,0.0,
46,0.14847641792297364,0.9709,0.0045,0.9709109244770779,0.9455852156057495,0.4665058196643367,100,100,0,40,23960,0.014019999998708954,95.28220689999944,0.009999999999999998,0,0,40,60,1.0,0.0,0.0,0.0,
47,1.6852590759277344,0.0378,0.9369,0.038753799394320894,0.0,0.5162182022805015,100,100,0,40,23960,0.01316910000241478,94.89972430000125,0.009999999999999998,0,0,40,60,1.0,0.0,0.0,0.0,
48,0.1419252182006836,0.9717,0.005,0.9716776829192906,0.9455852156057495,0.46352287771739065,100,100,0,40,23960,0.014220200002455385,95.30241730000125,0.009999999999999998,0,0,40,60,1.0,0.0,0.0,0.0,
49,1.626298602294922,0.0373,0.9378,0.03831705619508501,0.0,0.521361482117946,100,100,0,40,23960,0.020770799997990252,94.86363820000042,0.009999999999999998,0,0,40,60,1.0,0.0,0.0,0.0,
50,0.14314960136413574,0.9724,0.0042,0.9724209881698294,0.9494549058473737,0.4546103745580962,100,100,0,40,23960,0.014835000001767185,95.30904450000162,0.009999999999999998,0,0,40,60,1.0,0.0,0.0,0.0,
51,1.6684532318115235,0.0482,0.9276,0.04941105798204269,0.0,0.505639560530583,100,100,0,40,23960,0.014128399998298846,94.76548360000015,0.009999999999999998,0,0,40,60,1.0,0.0,0.0,0.0,
52,0.13739808864593506,0.9733,0.0045,0.9732776675605539,0.9496919917864476,0.4574402174153365,100,100,0,40,23960,0.011288400000921683,94.52328189999753,0.009999999999999998,0,0,40,60,1.0,0.0,0.0,0.0,
53,1.6317423278808594,0.0351,0.9414,0.036038824269908246,0.0,0.5140943825487048,100,100,0,40,23960,0.012935999999172054,96.6685894000002,0.009999999999999998,0,0,40,60,1.0,0.0,0.0,0.0,
54,0.1385277313232422,0.9743,0.0041,0.9742909116648623,0.9474727452923687,0.44660591074824324,100,100,0,40,23960,0.012495300001319265,95.20812639999713,0.009999999999999998,0,0,40,60,1.0,0.0,0.0,0.0,
55,1.6591413208007812,0.0335,0.9435,0.03428058600260282,0.0,0.5026513913025458,100,100,0,40,23960,0.01326100000005681,95.11405240000022,0.009999999999999998,0,0,40,60,1.0,0.0,0.0,0.0,
56,0.13617045211791992,0.9738,0.0046,0.9737841705671928,0.9514370664023786,0.44544526427301273,100,100,0,40,23960,0.017455299999710405,95.02512030000071,0.009999999999999998,0,0,40,60,1.0,0.0,0.0,0.0,
57,1.6080386108398437,0.0318,0.9453,0.03265025153660876,0.0,0.49208789875234166,100,100,0,40,23960,0.008577900000091176,85.06370020000031,0.009999999999999998,0,0,40,60,1.0,0.0,0.0,0.0,
58,0.13748374786376952,0.9742,0.0047,0.9741983577861587,0.9484638255698712,0.4377800409408908,100,100,0,40,23960,0.012369399999442976,96.40765540000211,0.009999999999999998,0,0,40,60,1.0,0.0,0.0,0.0,
59,1.6943689086914062,0.0297,0.9476,0.030408407577255124,0.0,0.48965789944802735,100,100,0,40,23960,0.011744799998268718,95.86185939999996,0.009999999999999998,0,0,40,60,1.0,0.0,0.0,0.0,
60,0.13120394535064697,0.9753,0.0045,0.9753087368800311,0.9534192269573836,0.4395968382197122,100,100,0,40,23960,0.014300999999250052,95.4944637999979,0.009999999999999998,0,0,40,60,1.0,0.0,0.0,0.0,
61,1.6141644836425781,0.0267,0.951,0.027414327307718894,0.0,0.4958022289897005,100,100,0,40,23960,0.009771300003194483,95.66858660000071,0.009999999999999998,0,0,40,60,1.0,0.0,0.0,0.0,
62,0.13423602561950684,0.9758,0.0041,0.9757868995213993,0.9534192269573836,0.43500425698608164,100,100,0,40,23960,0.009082399999897461,95.15287460000036,0.009999999999999998,0,0,40,60,1.0,0.0,0.0,0.0,
63,1.6402059448242188,0.0269,0.951,0.027535101184868106,0.0,0.4832629136101654,100,100,0,40,23960,0.009384900000441121,95.20752419999917,0.009999999999999998,0,0,40,60,1.0,0.0,0.0,0.0,
64,0.13082675743103028,0.9755,0.0045,0.9755240218094224,0.9534192269573836,0.4313554780197641,100,100,0,40,23960,0.015002399999502813,95.30582049999794,0.009999999999999998,0,0,40,60,1.0,0.0,0.0,0.0,
65,1.641003921508789,0.0268,0.9511,0.027451758012193496,0.0,0.4802261654523512,100,100,0,40,23960,0.01340159999745083,95.49733140000171,0.009999999999999998,0,0,40,60,1.0,0.0,0.0,0.0,
66,0.12960803413391114,0.976,0.0041,0.9759912925101155,0.9494549058473737,0.42271326939777154,100,100,0,40,23960,0.010802000000694534,95.06725229999938,0.009999999999999998,0,0,40,60,1.0,0.0,0.0,0.0,
67,1.6850405151367187,0.0207,0.9575,0.021190605704224645,0.0,0.4799501399286092,100,100,0,40,23960,0.013326799999049399,94.91267169999992,0.009999999999999998,0,0,40,60,1.0,0.0,0.0,0.0,
68,0.12512613983154297,0.9767,0.0038,0.9767009483357603,0.9548254620123203,0.42064134901141126,100,100,0,40,23960,0.013414000000921078,95.19183839999823,0.009999999999999998,0,0,40,60,1.0,0.0,0.0,0.0,
69,1.6607642517089845,0.0205,0.9582,0.02096444210726881,0.0,0.47907230916867655,100,100,0,40,23960,0.025248699999792734,94.73385499999858,0.009999999999999998,0,0,40,60,1.0,0.0,0.0,0.0,
70,0.12471298217773437,0.9766,0.0038,0.9766100486161686,0.9537987679671458,0.4173832602314651,100,100,0,40,23960,0.009375999998155748,94.90850619999765,0.009999999999999998,0,0,40,60,1.0,0.0,0.0,0.0,
71,1.6707097106933593,0.0186,0.9602,0.01901185212741207,0.0,0.4735186256940166,100,100,0,40,23960,0.01264649999939138,95.34241660000043,0.009999999999999998,0,0,40,60,1.0,0.0,0.0,0.0,
72,0.12352798900604248,0.9771,0.004,0.9770862447843621,0.9544103072348861,0.41753424121998256,100,100,0,40,23960,0.010994899999786867,95.18847470000037,0.009999999999999998,0,0,40,60,1.0,0.0,0.0,0.0,
73,1.6487775634765625,0.0191,0.9598,0.01951546334525147,0.0,0.4730374454700699,100,100,0,40,23960,0.012933400001202244,94.94749489999958,0.009999999999999998,0,0,40,60,1.0,0.0,0.0,0.0,
74,0.12162575187683106,0.9769,0.0039,0.9769035882558569,0.9524281466798811,0.4013232218424479,100,100,0,40,23960,0.009279999998398125,97.01181270000234,0.009999999999999998,0,0,40,60,1.0,0.0,0.0,0.0,
75,1.6884678833007813,0.013,0.9669,0.013291347492592503,0.0,0.46510895168160393,100,100,0,40,23960,0.008779400002822513,95.70186100000137,0.009999999999999998,0,0,40,60,1.0,0.0,0.0,0.0,
76,0.11897528820037842,0.9771,0.0041,0.9771051640002686,0.956392467789891,0.40498142445087437,100,100,0,40,23960,0.012481400000979193,95.20971869999994,0.009999999999999998,0,0,40,60,1.0,0.0,0.0,0.0,
77,1.6861693145751953,0.0144,0.9658,0.014676333226200091,0.0,0.4686040047388523,100,100,0,40,23960,0.012430599999788683,94.98753079999733,0.009999999999999998,0,0,40,60,1.0,0.0,0.0,0.0,
78,0.12037351303100587,0.9775,0.0034,0.9775153281054306,0.9534192269573836,0.399632716231048,100,100,0,40,23960,0.012552400003187358,94.9137292000014,0.009999999999999998,0,0,40,60,1.0,0.0,0.0,0.0,
79,1.6707724578857421,0.0152,0.9653,0.015539472921179659,0.0,0.46288715021498505,100,100,0,40,23960,0.014562000000296393,95.49620170000344,0.009999999999999998,0,0,40,60,1.0,0.0,0.0,0.0,
80,0.11914970149993896,0.9778,0.0035,0.977798831677895,0.956392467789891,0.39798603853086634,100,100,0,40,23960,0.013678400002390845,95.74903860000268,0.009999999999999998,0,0,40,60,1.0,0.0,0.0,0.0,
81,1.6945879577636718,0.0122,0.9686,0.012430704049144394,0.0,0.4584463953512411,100,100,0,40,23960,0.015362099999038037,95.05834879999747,0.009999999999999998,0,0,40,60,1.0,0.0,0.0,0.0,
82,0.11712365074157714,0.9787,0.0037,0.97871590434976,0.9593657086223984,0.39267254933466506,100,100,0,40,23960,0.014241400000173599,95.08621619999758,0.009999999999999998,0,0,40,60,1.0,0.0,0.0,0.0,
83,1.6631430236816407,0.0124,0.969,0.01267230015015135,0.0,0.4590198942820232,100,100,0,40,23960,0.009090200001082849,95.27436379999926,0.009999999999999998,0,0,40,60,1.0,0.0,0.0,0.0,
84,0.11621228580474853,0.9791,0.0036,0.9790787197018016,0.9603567888999008,0.3925783763841415,100,100,0,40,23960,0.01242160000037984,95.38370790000045,0.009999999999999998,0,0,40,60,1.0,0.0,0.0,0.0,
85,1.670502392578125,0.0142,0.9674,0.014460256144798112,0.0,0.4536480149539808,100,100,0,40,23960,0.01203229999737232,95.52518050000072,0.009999999999999998,0,0,40,60,1.0,0.0,0.0,0.0,
86,0.11690887947082519,0.979,0.0037,0.9789607617228177,0.9593657086223984,0.39034425983422755,100,100,0,40,23960,0.012503599999035941,94.98458540000138,0.009999999999999998,0,0,40,60,1.0,0.0,0.0,0.0,
87,1.669187530517578,0.0093,0.9721,0.009479137709302612,0.0,0.45277775230817496,100,100,0,40,23960,0.0130408000004536,95.22183790000054,0.009999999999999998,0,0,40,60,1.0,0.0,0.0,0.0,
88,0.11633932666778564,0.9793,0.0033,0.9792673200959878,0.9593657086223984,0.3866124350726604,100,100,0,40,23960,0.014164200001687277,95.14728240000113,0.009999999999999998,0,0,40,60,1.0,0.0,0.0,0.0,
89,1.636826513671875,0.0109,0.971,0.011120585244266071,0.0,0.4512438647374511,100,100,0,40,23960,0.013928100001066923,95.38080419999824,0.009999999999999998,0,0,40,60,1.0,0.0,0.0,0.0,
90,0.11601535415649414,0.979,0.0038,0.9789787697431656,0.9573835480673935,0.38326763706405964,100,100,0,40,23960,0.013920400000642985,95.19096320000244,0.009999999999999998,0,0,40,60,1.0,0.0,0.0,0.0,
91,1.6648649139404297,0.0126,0.9696,0.012869549331627364,0.0,0.44503895940072835,100,100,0,40,23960,0.009576199998264201,94.95256919999883,0.009999999999999998,0,0,40,60,1.0,0.0,0.0,0.0,
92,0.11396759548187256,0.9803,0.0029,0.9802793420613123,0.9593657086223984,0.38469850663902855,100,100,0,40,23960,0.012221600001794286,94.61951020000197,0.009999999999999998,0,0,40,60,1.0,0.0,0.0,0.0,
93,1.6355263305664063,0.0108,0.9716,0.010997423817402843,0.0,0.44374677038627364,100,100,0,40,23960,0.011517899998580106,94.87824009999895,0.009999999999999998,0,0,40,60,1.0,0.0,0.0,0.0,
94,0.11433368377685547,0.9799,0.0031,0.9798755584821685,0.958374628344896,0.37888646993118646,100,100,0,40,23960,0.01836109999931068,95.16667690000031,0.009999999999999998,0,0,40,60,1.0,0.0,0.0,0.0,
95,1.6224697875976561,0.0101,0.9726,0.010302318170752466,0.0,0.4430643899527689,100,100,0,40,23960,0.008306099996843841,96.49726379999993,0.009999999999999998,0,0,40,60,1.0,0.0,0.0,0.0,
96,0.11500041694641114,0.98,0.003,0.9799643604930808,0.958374628344896,0.3799343375085543,100,100,0,40,23960,0.015298800000891788,94.95739639999738,0.009999999999999998,0,0,40,60,1.0,0.0,0.0,0.0,
97,1.6596744232177734,0.0111,0.9721,0.011294012100336804,0.0,0.43508941691803443,100,100,0,40,23960,0.009827499998209532,95.13992420000068,0.009999999999999998,0,0,40,60,1.0,0.0,0.0,0.0,
98,0.11399418640136719,0.9798,0.0032,0.9797602503891921,0.9593657086223984,0.37842757448429865,100,100,0,40,23960,0.011116400000901194,94.92856240000037,0.009999999999999998,0,0,40,60,1.0,0.0,0.0,0.0,
99,1.6181085510253905,0.0088,0.9738,0.008953414796346615,0.0,0.43946717813921476,100,100,0,40,23960,0.014683100002002902,95.25684790000014,0.009999999999999998,0,0,40,60,1.0,0.0,0.0,0.0,
100,0.11476895122528076,0.9799,0.0032,0.9798497132536473,0.9593657086223984,0.37781513954885304,100,100,0,40,23960,0.01308229999995092,94.95767440000054,0.009999999999999998,0,0,40,60,1.0,0.0,0.0,0.0,
101,1.641025881958008,0.0089,0.9743,0.009006712097389118,0.0,0.4330031525176018,100,100,0,40,23960,0.009147400000074413,95.1144923000029,0.009999999999999998,0,0,40,60,1.0,0.0,0.0,0.0,
102,0.11386111164093017,0.9808,0.0027,0.980773507102841,0.9623389494549058,0.37696660729559767,100,100,0,40,23960,0.014563199998519849,94.88983039999948,0.009999999999999998,0,0,40,60,1.0,0.0,0.0,0.0,
103,1.6371722534179687,0.0116,0.9713,0.011831230958857483,0.0,0.43413202374552695,100,100,0,40,23960,0.013533599998481805,94.63355599999704,0.009999999999999998,0,0,40,60,1.0,0.0,0.0,0.0,
104,0.1132561222076416,0.9808,0.0029,0.980765296225209,0.958374628344896,0.3763279301834603,100,100,0,40,23960,0.011055499999201857,97.25666960000308,0.009999999999999998,0,0,40,60,1.0,0.0,0.0,0.0,
105,1.5991841857910156,0.0065,0.9765,0.006587272848014508,0.0,0.4342789622396231,100,100,0,40,23960,0.009674299999460345,95.45262100000036,0.009999999999999998,0,0,40,60,1.0,0.0,0.0,0.0,
106,0.1118708475112915,0.9806,0.0032,0.9805339691196997,0.9603567888999008,0.3711475291851286,100,100,0,40,23960,0.012918500000523636,95.17865110000275,0.009999999999999998,0,0,40,60,1.0,0.0,0.0,0.0,
107,1.6461883850097656,0.0078,0.9757,0.007906708504441065,0.0,0.42706572435920437,100,100,0,40,23960,0.012185100000351667,95.12283010000101,0.009999999999999998,0,0,40,60,1.0,0.0,0.0,0.0,
108,0.11204912395477296,0.9809,0.0031,0.9808415800208208,0.9623389494549058,0.36990750515398885,100,100,0,40,23960,0.008733000002393965,95.4522169999982,0.009999999999999998,0,0,40,60,1.0,0.0,0.0,0.0,
109,1.6170425231933594,0.0102,0.9735,0.010371893738886676,0.0,0.43218625395589827,100,100,0,40,23960,0.009610799999791197,95.10256630000003,0.009999999999999998,0,0,40,60,1.0,0.0,0.0,0.0,
110,0.11207597179412841,0.9811,0.003,0.981028122896347,0.9603567888999008,0.3706777265761048,100,100,0,40,23960,0.009875100000499515,95.16842710000128,0.009999999999999998,0,0,40,60,1.0,0.0,0.0,0.0,
111,1.62773642578125,0.0068,0.9772,0.0068851389616122385,0.0,0.4303009028689314,100,100,0,40,23960,0.013110399999277433,94.96813889999976,0.009999999999999998,0,0,40,60,1.0,0.0,0.0,0.0,
112,0.11076523323059081,0.9812,0.0027,0.981125472956433,0.9603567888999008,0.36470955547442047,100,100,0,40,23960,0.012036100000841543,95.34278750000158,0.009999999999999998,0,0,40,60,1.0,0.0,0.0,0.0,
113,1.62204638671875,0.0104,0.9734,0.01056470520999606,0.0,0.42804847440123567,100,100,0,40,23960,0.013855299999704584,95.08078179999939,0.009999999999999998,0,0,40,60,1.0,0.0,0.0,0.0,
114,0.11146513252258301,0.9816,0.0028,0.9815265057304396,0.958374628344896,0.36785930017971746,100,100,0,40,23960,0.008442599999398226,94.83768480000072,0.009999999999999998,0,0,40,60,1.0,0.0,0.0,0.0,
115,1.5862211791992187,0.007,0.9774,0.007116094295338629,0.0,0.4312765261518459,100,100,0,40,23960,0.013612200000352459,97.09384219999993,0.009999999999999998,0,0,40,60,1.0,0.0,0.0,0.0,
116,0.1123780216217041,0.9813,0.003,0.9812297140220915,0.9613478691774033,0.3638625578709568,100,100,0,40,23960,0.009730800000397721,95.09961819999808,0.009999999999999998,0,0,40,60,1.0,0.0,0.0,0.0,
117,1.641061068725586,0.007,0.9769,0.007085131789421206,0.0,0.41577609410509475,100,100,0,40,23960,0.012401799998770002,95.1359612999986,0.009999999999999998,0,0,40,60,1.0,0.0,0.0,0.0,
118,0.10824046840667724,0.9816,0.0028,0.9815187686869493,0.9613478691774033,0.3624642120152711,100,100,0,40,23960,0.01051039999947534,96.11015730000145,0.009999999999999998,0,0,40,60,1.0,0.0,0.0,0.0,
119,1.5979138610839845,0.0117,0.9726,0.01192994920888597,0.0,0.42212919383496045,100,100,0,40,23960,0.011022299997421214,95.0521645000008,0.009999999999999998,0,0,40,60,1.0,0.0,0.0,0.0,
120,0.11077228775024414,0.9816,0.0027,0.9815086857472816,0.9613478691774033,0.3602977635816981,100,100,0,40,23960,0.013619900000776397,95.07332409999799,0.009999999999999998,0,0,40,60,1.0,0.0,0.0,0.0,
121,1.653758251953125,0.0058,0.9782,0.005840504850664424,0.0,0.4158620269304762,100,100,0,40,23960,0.01369689999773982,95.40105889999904,0.009999999999999998,0,0,40,60,1.0,0.0,0.0,0.0,
122,0.11004794082641602,0.9818,0.0028,0.9817024049321285,0.9633300297324083,0.3620497876002143,100,100,0,40,23960,0.015154500000789994,95.15405530000135,0.009999999999999998,0,0,40,60,1.0,0.0,0.0,0.0,
123,1.5926110748291016,0.008,0.9768,0.008147077388730009,0.0,0.41937686661755047,100,100,0,40,23960,0.014552600001479732,95.82655570000134,0.009999999999999998,0,0,40,60,1.0,0.0,0.0,0.0,
124,0.10928662548065185,0.9819,0.0028,0.9818206482513367,0.9623389494549058,0.36014034467749295,100,100,0,40,23960,0.01411309999821242,95.19185740000103,0.009999999999999998,0,0,40,60,1.0,0.0,0.0,0.0,
125,1.6120341674804688,0.0076,0.9776,0.007711215023517784,0.0,0.4159588348719601,100,100,0,40,23960,0.012320400001044618,95.492091600001,0.009999999999999998,0,0,40,60,1.0,0.0,0.0,0.0,
126,0.1079882884979248,0.9818,0.0027,0.9817437592423012,0.9593657086223984,0.3565160923249399,100,100,0,40,23960,0.01367240000035963,95.08067189999929,0.009999999999999998,0,0,40,60,1.0,0.0,0.0,0.0,
127,1.6278297729492188,0.0058,0.9791,0.005883150694037538,0.0,0.4184499263263618,100,100,0,40,23960,0.014014799999131355,95.84200480000072,0.009999999999999998,0,0,40,60,1.0,0.0,0.0,0.0,
128,0.10908130779266358,0.9819,0.0028,0.981812060498984,0.9643211100099108,0.36203485435868304,100,100,0,40,23960,0.012166599997726735,95.36248809999961,0.009999999999999998,0,0,40,60,1.0,0.0,0.0,0.0,
129,1.574370458984375,0.0115,0.9737,0.011714277566634538,0.0,0.4142643444947898,100,100,0,40,23960,0.013808300001983298,95.89593180000156,0.009999999999999998,0,0,40,60,1.0,0.0,0.0,0.0,
130,0.10959915618896485,0.9818,0.0027,0.9817191278797217,0.9603567888999008,0.3525905667816599,100,100,0,40,23960,0.012732700000924524,92.29943329999878,0.009999999999999998,0,0,40,60,1.0,0.0,0.0,0.0,
131,1.6642068237304688,0.0054,0.9795,0.005460856485133846,0.0,0.4104005784198331,100,100,0,40,23960,0.008771900000283495,91.57871349999914,0.009999999999999998,0,0,40,60,1.0,0.0,0.0,0.0,
132,0.10768361282348633,0.9824,0.0026,0.9823199004138724,0.9653121902874133,0.3617430416603263,100,100,0,40,23960,0.027489399999467423,147.4298998000013,0.009999999999999998,0,0,40,60,1.0,0.0,0.0,0.0,
133,1.5979389404296875,0.0072,0.9782,0.007295263284453906,0.0,0.41399316371046013,100,100,0,40,23960,0.012384199999360135,118.59448699999848,0.009999999999999998,0,0,40,60,1.0,0.0,0.0,0.0,
134,0.1091140214920044,0.9827,0.0025,0.9826049035299903,0.9623389494549058,0.35760390630488603,100,100,0,40,23960,0.022593800000322517,113.88185599999997,0.009999999999999998,0,0,40,60,1.0,0.0,0.0,0.0,
135,1.5861212524414063,0.0109,0.9746,0.011121691695074626,0.0,0.41026117238774895,100,100,0,40,23960,0.01464240000132122,115.96894239999892,0.009999999999999998,0,0,40,60,1.0,0.0,0.0,0.0,
136,0.10965573863983154,0.9825,0.0027,0.982449077593658,0.9613478691774033,0.3539167569397639,100,100,0,40,23960,0.012686099998973077,99.1644297999992,0.009999999999999998,0,0,40,60,1.0,0.0,0.0,0.0,
137,1.628558319091797,0.0059,0.9797,0.005964973111356695,0.0,0.4038085957871129,100,100,0,40,23960,0.013462700000673067,79.27997070000129,0.009999999999999998,0,0,40,60,1.0,0.0,0.0,0.0,
138,0.1049015790939331,0.9826,0.0025,0.982502395144232,0.9613478691774033,0.3556650573872031,100,100,0,40,23960,0.00878999999986263,79.22572709999804,0.009999999999999998,0,0,40,60,1.0,0.0,0.0,0.0,
139,1.5647395233154298,0.0079,0.9778,0.008025480921886294,0.0,0.4139536523204297,100,100,0,40,23960,0.012825300000258721,92.2242671999993,0.009999999999999998,0,0,40,60,1.0,0.0,0.0,0.0,
140,0.10918995685577393,0.9828,0.0024,0.982726817335363,0.9623389494549058,0.3523465146406864,100,100,0,40,23960,0.012742499999149004,91.43529390000185,0.009999999999999998,0,0,40,60,1.0,0.0,0.0,0.0,
141,1.6322768005371093,0.0067,0.979,0.00678677473798768,0.0,0.40111141587607557,100,100,0,40,23960,0.011865599997690879,95.03481079999983,0.009999999999999998,0,0,40,60,1.0,0.0,0.0,0.0,
142,0.10526520156860351,0.9832,0.0024,0.9830989731496647,0.9653121902874133,0.34968343011848624,100,100,0,40,23960,0.012700300001597498,89.47605110000222,0.009999999999999998,0,0,40,60,1.0,0.0,0.0,0.0,
143,1.577466650390625,0.0079,0.978,0.008016980031412515,0.0,0.41140366259279354,100,100,0,40,23960,0.008357800001249416,89.46721959999923,0.009999999999999998,0,0,40,60,1.0,0.0,0.0,0.0,
144,0.10795277709960938,0.983,0.0025,0.9829331213576813,0.9643211100099108,0.35000503128891175,100,100,0,40,23960,0.012734799998725066,89.11510389999967,0.009999999999999998,0,0,40,60,1.0,0.0,0.0,0.0,
145,1.618270962524414,0.0084,0.9776,0.008526300606548042,0.0,0.39846204739219204,100,100,0,40,23960,0.008600500004831702,89.18663010000455,0.009999999999999998,0,0,40,60,1.0,0.0,0.0,0.0,
146,0.1063177885055542,0.9831,0.0024,0.9830214732448272,0.9643211100099108,0.3505604406576603,100,100,0,40,23960,0.01256909999938216,89.26752850000048,0.009999999999999998,0,0,40,60,1.0,0.0,0.0,0.0,
147,1.5952108734130859,0.0071,0.9791,0.007202660686928307,0.0,0.4078258674815298,100,100,0,40,23960,0.008429900000919588,89.08582900000329,0.009999999999999998,0,0,40,60,1.0,0.0,0.0,0.0,
148,0.1073972843170166,0.983,0.0026,0.982917239758233,0.9633300297324083,0.34651099129316093,100,100,0,40,23960,0.015433500004292,88.99387179999758,0.009999999999999998,0,0,40,60,1.0,0.0,0.0,0.0,
149,1.586562384033203,0.0096,0.9765,0.009772342886675982,0.0,0.39987229565841453,100,100,0,40,23960,0.012682100001256913,89.10398359999817,0.009999999999999998,0,0,40,60,1.0,0.0,0.0,0.0,
150,0.10806953010559082,0.9832,0.0024,0.9831078453353008,0.9643211100099108,0.3466945597066854,100,100,0,40,23960,0.010248500002489891,88.52306040000258,0.009999999999999998,0,0,40,60,1.0,0.0,0.0,0.0,
151,1.618640313720703,0.0063,0.9802,0.006400993630779594,0.0,0.400396639248977,100,100,0,40,23960,0.009156699998129625,89.03342390000034,0.009999999999999998,0,0,40,60,1.0,0.0,0.0,0.0,
152,0.10609348678588867,0.9835,0.0024,0.9833916119551619,0.9643211100099108,0.34632724015895894,100,100,0,40,23960,0.012388800001644995,89.35422980000294,0.009999999999999998,0,0,40,60,1.0,0.0,0.0,0.0,
153,1.5913598266601563,0.0084,0.978,0.008547629039521247,0.0,0.40227398737768333,100,100,0,40,23960,0.013036500000453088,90.38130440000532,0.009999999999999998,0,0,40,60,1.0,0.0,0.0,0.0,
154,0.10911191596984864,0.9834,0.0022,0.9833221954533826,0.9613478691774033,0.34566267341468476,100,100,0,40,23960,0.009497899998677894,89.36511539999628,0.009999999999999998,0,0,40,60,1.0,0.0,0.0,0.0,
155,1.5702697662353515,0.0059,0.9807,0.005986102257455715,0.0,0.39670454274987177,100,100,0,40,23960,0.008218299997679424,89.13342950000515,0.009999999999999998,0,0,40,60,1.0,0.0,0.0,0.0,
156,0.10570757026672363,0.9842,0.0023,0.9841330154161512,0.9672943508424182,0.34689562409246966,100,100,0,40,23960,0.009793100005481392,89.39047479999863,0.009999999999999998,0,0,40,60,1.0,0.0,0.0,0.0,
157,1.618731201171875,0.0056,0.9808,0.005663372201268833,0.0,0.39501086579853045,100,100,0,40,23960,0.008566499993321486,90.59469929999614,0.009999999999999998,0,0,40,60,1.0,0.0,0.0,0.0,
158,0.10366130847930909,0.9842,0.0022,0.9841129596116185,0.9672943508424182,0.34260392854083327,100,100,0,40,23960,0.008791100000962615,89.2207905000032,0.009999999999999998,0,0,40,60,1.0,0.0,0.0,0.0,
159,1.6206307067871093,0.0071,0.9795,0.007239023220748331,0.0,0.39935783776858197,100,100,0,40,23960,0.011211299999558832,89.46525290000136,0.009999999999999998,0,0,40,60,1.0,0.0,0.0,0.0,
160,0.10588980770111084,0.9836,0.0021,0.9835120773817912,0.9633300297324083,0.3487870685436452,100,100,0,40,23960,0.008656900005007628,75.0057639000006,0.009999999999999998,0,0,40,60,1.0,0.0,0.0,0.0,
161,1.5566682586669922,0.005,0.9815,0.0050467853897613445,0.0,0.40242155841427546,100,100,0,40,23960,0.008762299999943934,90.66898450000008,0.009999999999999998,0,0,40,60,1.0,0.0,0.0,0.0,
162,0.10749719543457031,0.9842,0.0021,0.9840859191244749,0.9663032705649157,0.34321581810992213,100,100,0,40,23960,0.008546799996111076,90.1980512999944,0.009999999999999998,0,0,40,60,1.0,0.0,0.0,0.0,
163,1.6059557647705078,0.0067,0.9797,0.006814543999196529,0.0,0.3918235738314689,100,100,0,40,23960,0.013223800000560004,90.12902139999642,0.009999999999999998,0,0,40,60,1.0,0.0,0.0,0.0,
164,0.1041775074005127,0.9841,0.0021,0.9839930154873189,0.9682854311199207,0.3412045130363354,100,100,0,40,23960,0.012234900001203641,89.53487699999823,0.009999999999999998,0,0,40,60,1.0,0.0,0.0,0.0,
165,1.5688451354980468,0.0066,0.9802,0.006706898765261787,0.0,0.399254235960543,100,100,0,40,23960,0.012224300000525545,89.66701029999967,0.009999999999999998,0,0,40,60,1.0,0.0,0.0,0.0,
166,0.10610481624603271,0.984,0.0021,0.983883136064231,0.9653121902874133,0.34231234730516247,100,100,0,40,23960,0.009725600000820123,88.85235269999976,0.009999999999999998,0,0,40,60,1.0,0.0,0.0,0.0,
167,1.5885850830078125,0.0051,0.982,0.005168124365942717,0.0,0.3913185432006916,100,100,0,40,23960,0.0074680999969132245,89.22895569999673,0.009999999999999998,0,0,40,60,1.0,0.0,0.0,0.0,
168,0.10417512035369873,0.9846,0.0021,0.9845127302632009,0.9672943508424182,0.3419134485019991,100,100,0,40,23960,0.007883899997978006,76.13793219999934,0.009999999999999998,0,0,40,60,1.0,0.0,0.0,0.0,
169,1.5765026123046875,0.0066,0.9803,0.006700208346398002,0.0,0.3922768168194839,100,100,0,40,23960,0.007260200000018813,90.34588559999975,0.009999999999999998,0,0,40,60,1.0,0.0,0.0,0.0,
170,0.10352091846466065,0.9848,0.0021,0.9846997408044562,0.9672943508424182,0.33778121680114415,100,100,0,40,23960,0.011097599999629892,90.30558290000045,0.009999999999999998,0,0,40,60,1.0,0.0,0.0,0.0,
171,1.6170813415527343,0.0048,0.9825,0.004884945923901603,0.0,0.39148503238661214,100,100,0,40,23960,0.011372300003131386,88.27511770000274,0.009999999999999998,0,0,40,60,1.0,0.0,0.0,0.0,
172,0.10415764503479004,0.9843,0.0021,0.984190643988538,0.9692765113974232,0.3411388845754166,100,100,0,40,23960,0.012359999993350357,89.33900160000485,0.009999999999999998,0,0,40,60,1.0,0.0,0.0,0.0,
173,1.56891162109375,0.0071,0.9802,0.007212090370166914,0.0,0.39480917038954794,100,100,0,40,23960,0.008684000000357628,89.75728730000264,0.009999999999999998,0,0,40,60,1.0,0.0,0.0,0.0,
174,0.10622854843139648,0.9842,0.0022,0.9840831987674044,0.9663032705649157,0.3407226404742494,100,100,0,40,23960,0.012465899999369867,89.7816473999992,0.009999999999999998,0,0,40,60,1.0,0.0,0.0,0.0,
175,1.5688596649169921,0.0059,0.9811,0.006005716100982421,0.0,0.39333460936633247,100,100,0,40,23960,0.008276699998532422,89.72661110000627,0.009999999999999998,0,0,40,60,1.0,0.0,0.0,0.0,
176,0.10433006763458252,0.9848,0.002,0.984693845055118,0.9663032705649157,0.3393322655751059,100,100,0,40,23960,0.00835440000082599,89.66316289999668,0.009999999999999998,0,0,40,60,1.0,0.0,0.0,0.0,
177,1.5960747283935548,0.0072,0.9802,0.007289143249992884,0.0,0.3904401182839647,100,100,0,40,23960,0.010766999999759719,89.63113049999811,0.009999999999999998,0,0,40,60,1.0,0.0,0.0,0.0,
178,0.10418011341094971,0.9846,0.0021,0.9845051882752733,0.9672943508424182,0.3361120549505577,100,100,0,40,23960,0.015476599997782614,89.6666763999965,0.009999999999999998,0,0,40,60,1.0,0.0,0.0,0.0,
179,1.5760464233398437,0.0054,0.9816,0.005495192171295073,0.0,0.3947972368402407,100,100,0,40,23960,0.012050600002112333,90.82387690000178,0.009999999999999998,0,0,40,60,1.0,0.0,0.0,0.0,
180,0.10488831996917725,0.9849,0.002,0.9848105094077351,0.9663032705649157,0.343088304455392,100,100,0,40,23960,0.008281000002170913,89.46535679999943,0.009999999999999998,0,0,40,60,1.0,0.0,0.0,0.0,
181,1.5456282958984375,0.0057,0.9818,0.00577168779158613,0.0,0.39126624158738815,100,100,0,40,23960,0.008448299995507114,89.51585550000163,0.009999999999999998,0,0,40,60,1.0,0.0,0.0,0.0,
182,0.10432612609863282,0.985,0.002,0.98487007362608,0.9702675916749257,0.33409980302117764,100,100,0,40,23960,0.01106459999573417,89.39049619999423,0.009999999999999998,0,0,40,60,1.0,0.0,0.0,0.0,
183,1.6243691833496094,0.0075,0.98,0.007644576336472433,0.0,0.3819145804472888,100,100,0,40,23960,0.008433300004980993,88.78613100000075,0.009999999999999998,0,0,40,60,1.0,0.0,0.0,0.0,
184,0.1023990535736084,0.985,0.0021,0.9848932038771379,0.9672943508424182,0.33495912095718083,100,100,0,40,23960,0.010406699999293778,89.1716105000014,0.009999999999999998,0,0,40,60,1.0,0.0,0.0,0.0,
185,1.5458993103027343,0.0058,0.9818,0.005878016699630938,0.0,0.3932085291842619,100,100,0,40,23960,0.012177499993413221,76.36404010000115,0.009999999999999998,0,0,40,60,1.0,0.0,0.0,0.0,
186,0.1068408338546753,0.9851,0.002,0.9849790144889903,0.9702675916749257,0.3371649790257215,100,100,0,40,23960,0.008359400002518669,90.22608000000037,0.009999999999999998,0,0,40,60,1.0,0.0,0.0,0.0,
187,1.5992097778320313,0.0049,0.9828,0.004972215240146416,0.0,0.3837352722728004,100,100,0,40,23960,0.011495100006868597,89.7201739000011,0.009999999999999998,0,0,40,60,1.0,0.0,0.0,0.0,
188,0.10292755279541016,0.9849,0.0021,0.9848023120822136,0.9663032705649157,0.33386722195427865,100,100,0,40,23960,0.006930700001248624,89.63726190000307,0.009999999999999998,0,0,40,60,1.0,0.0,0.0,0.0,
189,1.589262222290039,0.0086,0.9786,0.0087493083450288,0.0,0.3867170642924805,100,100,0,40,23960,0.012464300001738593,74.52535250000074,0.009999999999999998,0,0,40,60,1.0,0.0,0.0,0.0,
190,0.10345580425262452,0.9851,0.0022,0.9850127854266246,0.9663032705649157,0.33386528573402513,100,100,0,40,23960,0.012274400003661867,90.51473609999812,0.009999999999999998,0,0,40,60,1.0,0.0,0.0,0.0,
191,1.5688518798828126,0.005,0.9826,0.005050891283780055,0.0,0.38746554942708467,100,100,0,40,23960,0.0124532999980147,89.73227490000136,0.009999999999999998,0,0,40,60,1.0,0.0,0.0,0.0,
192,0.1035773962020874,0.9854,0.0021,0.9853022838706182,0.9663032705649157,0.3370261928774417,100,100,0,40,23960,0.012591999999131076,89.90770769999654,0.009999999999999998,0,0,40,60,1.0,0.0,0.0,0.0,
193,1.571206219482422,0.0041,0.9838,0.004151696414634219,0.0,0.38428913292785494,100,100,0,40,23960,0.00925900000584079,89.47200769999472,0.009999999999999998,0,0,40,60,1.0,0.0,0.0,0.0,
194,0.10162951679229737,0.9855,0.0019,0.9853981957884737,0.9692765113974232,0.33102674849176156,100,100,0,40,23960,0.012528699997346848,88.99373670000205,0.009999999999999998,0,0,40,60,1.0,0.0,0.0,0.0,
195,1.6075991943359376,0.005,0.9827,0.005090284732936511,0.0,0.3824901842499772,100,100,0,40,23960,0.008307000003696885,89.38482350000413,0.009999999999999998,0,0,40,60,1.0,0.0,0.0,0.0,
196,0.10021360168457032,0.9858,0.0019,0.9856948602245715,0.9682854311199207,0.3320803795809237,100,100,0,40,23960,0.011920099997951183,89.43205939999461,0.009999999999999998,0,0,40,60,1.0,0.0,0.0,0.0,
197,1.5524527099609375,0.0058,0.9819,0.0058861816093739696,0.0,0.38884976709137353,100,100,0,40,23960,0.008376900004805066,74.48913149999862,0.009999999999999998,0,0,40,60,1.0,0.0,0.0,0.0,
198,0.10469582977294922,0.9856,0.0021,0.9854972016666735,0.9672943508424182,0.3313931692602734,100,100,0,40,23960,0.014989399998739827,89.79053650000424,0.009999999999999998,0,0,40,60,1.0,0.0,0.0,0.0,
199,1.5614310302734375,0.0042,0.9837,0.00426453170940224,0.0,0.3782067148930704,100,100,0,40,23960,0.011746800002583768,90.06585559999803,0.009999999999999998,0,0,40,60,1.0,0.0,0.0,0.0,
